{"loss": [5.272712707519531, 3.539074659347534, 3.442797899246216, 3.2697322368621826, 3.075932025909424, 2.78084397315979, 2.519263982772827, 2.2330896854400635, 1.9789401292800903, 1.8308650255203247, 1.6287943124771118, 1.4428751468658447, 1.3316280841827393, 1.1633379459381104, 1.0337525606155396, 0.9880022406578064, 0.9319136142730713, 0.8435757756233215, 0.7833049297332764, 0.8521578311920166, 0.6627257466316223, 0.5849705934524536, 0.6100131869316101, 0.5146089792251587, 0.49027496576309204, 0.4461541473865509, 0.42611265182495117, 0.4068264067173004, 0.361919641494751, 0.4147534668445587, 0.35690581798553467, 0.31813955307006836], "accuracy": [0.028892455622553825, 0.048796147108078, 0.0789727121591568, 0.1271268129348755, 0.18715891242027283, 0.2548956573009491, 0.321669340133667, 0.39390048384666443, 0.4635634124279022, 0.5027287602424622, 0.5592295527458191, 0.608346700668335, 0.6423755884170532, 0.6828250288963318, 0.7139647006988525, 0.7329052686691284, 0.7463884353637695, 0.7739967703819275, 0.7935794591903687, 0.7656500935554504, 0.8269662857055664, 0.844622790813446, 0.8404494524002075, 0.8703050017356873, 0.8696629405021667, 0.8812199234962463, 0.8902086615562439, 0.8937399387359619, 0.899839460849762, 0.8889245390892029, 0.9091492891311646, 0.9152488112449646], "val_loss": [3.574098825454712, 3.499933958053589, 3.1695778369903564, 2.9687023162841797, 2.549863576889038, 2.145096778869629, 2.002847194671631, 2.115255832672119, 1.6927212476730347, 1.501157522201538, 1.3743771314620972, 1.3547427654266357, 1.1368166208267212, 1.0353572368621826, 0.9484107494354248, 1.0364779233932495, 1.0636777877807617, 1.0297465324401855, 0.9924557209014893, 0.8806171417236328, 0.6730061769485474, 0.8565649390220642, 0.8365796804428101, 0.8686114549636841, 0.685214102268219, 0.616252601146698, 0.6358376741409302, 0.5344201326370239, 0.6208784580230713, 0.7470577955245972, 0.442527711391449, 0.5453855395317078], "val_accuracy": [0.04843304678797722, 0.1111111119389534, 0.25071224570274353, 0.3105413019657135, 0.40740740299224854, 0.504273533821106, 0.49572649598121643, 0.49572649598121643, 0.6125355958938599, 0.62678062915802, 0.6609686613082886, 0.6951566934585571, 0.752136766910553, 0.7806267738342285, 0.7777777910232544, 0.7663817405700684, 0.7834757566452026, 0.809116780757904, 0.8319088220596313, 0.8461538553237915, 0.8689458966255188, 0.8632478713989258, 0.8290598392486572, 0.8319088220596313, 0.8774929046630859, 0.9031339287757874, 0.8945869207382202, 0.9002848863601685, 0.9116809368133545, 0.8917378783226013, 0.9430199265480042, 0.9287749528884888]}