{"loss": [5.1111226081848145, 3.4196090698242188, 3.2782628536224365, 3.1303048133850098, 2.9127392768859863, 2.597597360610962, 2.2135074138641357, 1.9299205541610718, 1.5645538568496704, 1.2864936590194702, 1.096810221672058, 0.8041285872459412, 0.8737143874168396, 0.6858355402946472, 0.6087188124656677, 0.5548797845840454, 0.43247392773628235, 0.431071937084198, 0.41137486696243286, 0.3200397193431854, 0.3433704674243927, 0.2634676694869995, 0.28690317273139954, 0.27837902307510376, 0.30378785729408264, 0.2571786642074585, 0.23896780610084534, 0.232127845287323, 0.21845141053199768, 0.22391892969608307, 0.18055292963981628, 0.14287342131137848], "accuracy": [0.041733548045158386, 0.061637237668037415, 0.0760834664106369, 0.1184590682387352, 0.17046548426151276, 0.26452648639678955, 0.38298556208610535, 0.4430176615715027, 0.555377185344696, 0.6410914659500122, 0.6908507347106934, 0.7678972482681274, 0.7653290629386902, 0.8125200867652893, 0.838523268699646, 0.8465489745140076, 0.877046525478363, 0.8847512006759644, 0.8924558758735657, 0.9146067500114441, 0.9081861972808838, 0.9252006411552429, 0.9207062721252441, 0.9264847636222839, 0.9191011190414429, 0.9268057942390442, 0.932584285736084, 0.936115562915802, 0.936115562915802, 0.9412519931793213, 0.9508828520774841, 0.9605136513710022], "val_loss": [3.433929681777954, 3.3361754417419434, 2.9276623725891113, 2.698847532272339, 2.3194944858551025, 1.917492151260376, 1.733400583267212, 1.2719757556915283, 1.1165621280670166, 0.8897383213043213, 0.7076111435890198, 0.6680796146392822, 0.5848801732063293, 0.641352653503418, 0.5271962285041809, 0.5094985961914062, 0.5363112092018127, 0.43117383122444153, 0.45781126618385315, 0.4786999821662903, 0.38218724727630615, 0.4050556719303131, 0.46876201033592224, 0.5709060430526733, 0.3658919334411621, 0.4012444317340851, 0.41821545362472534, 0.4207824170589447, 0.38895612955093384, 0.45679035782814026, 0.3807927370071411, 0.33170241117477417], "val_accuracy": [0.09401709586381912, 0.11965811997652054, 0.202279195189476, 0.2849002778530121, 0.40740740299224854, 0.5071225166320801, 0.5754985809326172, 0.6552706360816956, 0.7207977175712585, 0.8062677979469299, 0.8547008633613586, 0.8347578644752502, 0.8575498461723328, 0.8774929046630859, 0.8774929046630859, 0.9002848863601685, 0.8974359035491943, 0.9287749528884888, 0.9373219609260559, 0.9145299196243286, 0.9145299196243286, 0.9230769276618958, 0.9059829115867615, 0.9059829115867615, 0.9316239356994629, 0.94017094373703, 0.934472918510437, 0.9287749528884888, 0.9202279448509216, 0.9373219609260559, 0.94017094373703, 0.9487179517745972]}